{"flutter":{"platforms":{"android":{"default":{"projectId":"smartsidai","appId":"1:303247547140:android:8b4cc6649970bd24ee8e51","fileOutput":"android/app/google-services.json"}},"dart":{"lib/firebase_options.dart":{"projectId":"smartsidai","configurations":{"android":"1:303247547140:android:8b4cc6649970bd24ee8e51","ios":"1:303247547140:ios:122a92023da0c9c0ee8e51","macos":"1:303247547140:ios:122a92023da0c9c0ee8e51","web":"1:303247547140:web:4a13e980d473b81dee8e51","windows":"1:303247547140:web:80d0c49baa2b739eee8e51"}}}}}}