{
  "project_info": {
    "project_number": "303247547140",
    "firebase_url": "https://smartsidai-default-rtdb.asia-southeast1.firebasedatabase.app",
    "project_id": "smartsidai",
    "storage_bucket": "smartsidai.firebasestorage.app"
  },
  "client": [
    {
      "client_info": {
        "mobilesdk_app_id": "1:303247547140:android:8b4cc6649970bd24ee8e51",
        "android_client_info": {
          "package_name": "com.example.smart_sidai"
        }
      },
      "oauth_client": [],
      "api_key": [
        {
          "current_key": "AIzaSyCP64DJPw4kyxU57hDFUZ7c4IgNNha6ljM"
        }
      ],
      "services": {
        "appinvite_service": {
          "other_platform_oauth_client": []
        }
      }
    }
  ],
  "configuration_version": "1"
}